relative_path,project_id,task_count,classification
ActiveAppView,973b97c0-d88d-4e46-9f84-885c5a84a559,57,recognized
MaxLogic/Accessibility-Framework,348fbf67-5320-49b1-b49f-75574ed98dcb,158,recognized
MaxLogic/AudioBookMetadataCollector,f8fbc96a-5ac5-49c7-bdbc-822a7018909a,115,recognized
MaxLogic/CodexNotificationsReceiver,0d8c6517-f086-4d17-bb30-188cafb1b7c4,8,recognized
MaxLogic/DelphiAiKit,d48b3ab5-a027-4acf-94d7-d8adaf9938db,352,recognized
MaxLogic/DelphiCompanion,4300fdf3-b658-4371-902a-b8d5ddbc8485,14,recognized
MaxLogic/DelphiSemantics,e56126d2-2e3c-4730-a86e-d3b94f4febbe,406,recognized
MaxLogic/EncodingFix,0ad305a9-7416-47d4-b5bc-ffbc1d8be3c6,10,recognized
MaxLogic/MaxLogicFoundation,2adeca08-618b-4f98-8701-2fd567342c27,35,recognized-with-warnings
MaxLogic/NVDA MaxLogic Plugins/clipboard-insight-nvda,445cbf4d-85f8-4bf4-b919-fc412acd811c,9,recognized
MaxLogic/NVDA MaxLogic Plugins/kokoro-tts-nvda,d20f3c94-8954-43a4-918b-a2578e9510fe,14,recognized
MaxLogic/NVDA MaxLogic Plugins/voice-switcher,1e954363-dada-4ad3-8745-23f9a9dfcd6c,0,recognized
MaxLogic/NVDA MaxLogic Plugins/xtts-v2-nvda,1c022f7a-f4b0-40db-8236-11c09caa4360,9,recognized
MaxLogic/PY-SCRIPTS/SplitByVoices,09ab49cd-93ea-46ec-9237-5285d14b7302,12,recognized
MaxLogic/PawelsPersonalShadowJourney,2476549b-ab44-4725-8536-1f29c3c6358f,115,recognized
MaxLogic/RepoPulse,7b70f453-0e10-457b-82a6-8db0184c6144,56,recognized
MaxLogic/SecretVault,a12de652-4783-4675-a440-68328c0d25bd,34,recognized
MaxLogic/SkillSearch,aa294804-9826-4257-ab10-812836ee5572,70,recognized
MaxLogic/SkillSync,bfd283a0-3852-47dd-af36-cffa2958c129,36,recognized
MaxLogic/SpeakAloud,01c85e6d-e566-40df-aee3-a9027f6ac512,137,recognized
MaxLogic/ToDoApp,df8cdbe2-50e9-4ef9-9a54-3dac496aede7,168,recognized
MaxLogic/TreeSize,9f771ecd-f945-4429-93d7-a51226b28c78,230,recognized
MaxLogic/YoutubeTranscriptionDownloader,e2b7b004-500f-48f7-81c9-45be45d3fec3,21,recognized
MaxLogic/alacritty-group,40d8ef66-3378-489f-9a74-0df568d9c360,22,recognized
MaxLogic/betterAuth-VPS,e53eb78e-9f70-49fb-b64b-bc74961c34d8,178,recognized
MaxLogic/codex-sessions-viewer,98972be8-de3e-44d8-906e-ddaf7757a234,130,recognized
MaxLogic/eye-health-training,78ced2fd-0703-43d2-82ba-0dd3fe9962a5,355,recognized
MaxLogic/games-small,bcd3db4d-6342-4315-95ed-2b2d507dcf84,71,recognized
MaxLogic/maxCron/maxCron,30b049fb-f9c5-489d-a471-fa91655428a4,105,recognized
MaxLogic/maxEventNexus,ba0bf55c-07c7-4b38-9924-175cab7f6acf,196,recognized
MaxLogic/pfm,70f4bba9-b5bc-4e01-a010-7177e4bac0f3,345,recognized
MaxLogic/profiling,1f000c23-79c6-4599-84b4-0eecca98d621,42,recognized
MaxLogic/rpg-dice,fe64da70-86da-46e3-a47e-bd721b7e8727,41,recognized
MaxLogic/rpg-dice/backend,d3454552-1d58-43bb-9943-6240cbc3a0d2,50,recognized
MaxLogic/rpg-dice/frontend,6fdc2881-316a-4685-8f0e-c5198f48b222,33,recognized
MaxLogic/www.maxlogic.eu,0084f526-20dc-4359-8185-da1ba929aa9a,3,recognized
OEC/TE5/OEC-Tools/ftpSmartClient,08fef74d-7bc7-42ad-83a4-ed419c5b25e3,29,recognized
OEC/TE5/OEC-Tools/mod-dependency-checker,8bec84d8-83a6-47bc-8916-c1459ab60b64,16,recognized
OEC/TE5/maxTdb,fb3f3915-69d7-43c9-bad4-0db2a485306b,916,recognized
OEC/_git/TE5,77052e9d-49d8-438f-bbe1-1d997146b850,33,recognized
OEC/_git/TE5/duplicate_account_cleaner,0d95d79e-f454-4d0c-a1fa-be843140e238,22,recognized
OEC/_git/TE5/order_access_cli,502f610c-16da-40c5-a9b9-7f1caf4f9c6b,16,recognized
OEC/_git/TE5/te5-backend,d680d85d-c0b6-422c-bf37-54f9e0953923,49,recognized
OEC/_git/TE5/te5stock,9ac76c3f-ee5f-49d7-85e5-c0c5e876bd85,11,recognized
OEC/_git/teaccounts_importer_cli,4da0441c-3782-4992-b715-c0d87fbedc04,39,recognized
Osyon/_svn/Flexdoc-Group/FlexDocServer,791e5575-c7b4-4e53-924e-f69904aa62ef,68,recognized
Osyon/_svn/Flexdoc-Group/Flexdoc,ff1fe730-a3a2-4ab4-8d90-231fd75e6c6a,67,recognized
Osyon/_svn/Monitoring/monitor-msgsend,f3182305-04b8-475b-8d35-f80d926bb2c4,48,recognized
Statuspro/_git/DeviceBridge_MaxLogic,94aceb9c-9d1c-430b-b769-95e21e27e4c5,149,recognized
Statuspro/_git/DeviceBridge_StatusPro,59888d34-763a-49f5-9060-327309b87da4,149,recognized
mecMeister/_SVN/Kfzmeister_workCopy,37f1ae5b-5fa4-43b1-8b00-514a6d824220,348,recognized
